NV_id,first_name,last_name,email,gender,phone,address,birth_date,user_name,pass_word,role
NV001,Cassi,Seath,cseath0@nih.gov,Female,705-803-6132,16th Floor,07/13/2023,cseath0,guDWRKR714,Sales agent
NV002,Lolita,Boch,lboch1@huffingtonpost.com,Female,936-928-5583,Apt 1436,07/02/2023,lboch1,bbSCWXX438fHu,Project Manager
NV003,Dionis,Stolze,dstolze2@netvibes.com,Female,598-212-3960,Suite 72,10/15/2023,dstolze2,lfDVDJD188,Sales agent
NV004,Mellicent,Yakovich,myakovich3@com.com,Female,612-969-8568,Suite 7,01/17/2024,myakovich3,nfULWDQ1103_QS,Sales agent
NV005,Thomasine,Cluley,tcluley4@senate.gov,Female,738-938-8700,Suite 68,07/06/2023,tcluley4,mcWIYMH688,Project Manager
NV006,Ursala,Boas,uboas5@blogtalkradio.com,Female,547-270-1881,Room 435,10/16/2023,uboas5,poXNPAN374VaArE>,Sales agent
NV007,Trey,Hoppner,thoppner6@sbwire.com,Male,642-928-5576,Suite 32,06/24/2023,thoppner6,npUMTBW564Z,Project Manager
NV008,Tonia,McMechan,tmcmechan7@thetimes.co.uk,Female,390-867-5201,Apt 427,10/20/2023,tmcmechan7,ftWVQRS463,Sales agent
NV009,Johanna,Wastling,jwastling8@pagesperso-orange.fr,Female,619-449-6776,Suite 91,06/07/2023,jwastling8,pfPRMXS542Q.hQsp,Sales agent
NV010,Gradey,Guilleton,gguilleton9@networkadvertising.org,Male,555-333-1725,PO Box 3840,09/24/2023,gguilleton9,ttHCNPH800,Project Manager
NV011,Amelia,Blower,ablowera@yandex.ru,Female,977-892-4370,PO Box 73833,01/30/2024,ablowera,kmMGCZI708=T,Sales agent
NV012,Adolpho,Bravington,abravingtonb@mashable.com,Male,977-706-4667,Room 990,09/10/2023,abravingtonb,haDZJOL020,Project Manager
NV013,Darell,Moens,dmoensc@netscape.com,Female,387-641-5381,PO Box 49542,01/27/2024,dmoensc,ulZUMBW613e7,Sales agent
NV014,Lucille,Siman,lsimand@china.com.cn,Non-binary,938-981-6178,Suite 68,08/08/2023,lsimand,mpVTFKT4246,Sales agent
NV015,Arleta,Berrey,aberreye@home.pl,Female,541-756-3874,Apt 1650,05/30/2023,aberreye,"exBQGWU263r""wp.C",Project Manager
NV016,Patrice,Phette,pphettef@loc.gov,Genderqueer,797-414-3037,Room 811,03/26/2023,pphettef,bhKASHB540,Sales agent
NV017,Alisander,Rothwell,arothwellg@craigslist.org,Male,841-335-2576,Suite 14,07/29/2023,arothwellg,qzFFART945_st`eJ,Project Manager
NV018,Levi,Longhurst,llonghursth@paginegialle.it,Male,740-284-5611,Room 914,05/29/2023,llonghursth,qjZZPKX775OaTN,Sales agent
NV019,Tristam,Attwoul,tattwouli@aol.com,Male,461-207-1477,Apt 1986,02/23/2024,tattwouli,hpPAGFU695zD7clE,Project Manager
NV020,Lydon,Manhare,lmanharej@bandcamp.com,Male,673-823-4118,Apt 527,10/13/2023,lmanharej,dgDCHTN156$.va,Sales agent
NV021,Brett,Folley,bfolleyk@posterous.com,Female,829-830-7375,Suite 53,01/04/2024,bfolleyk,reMWDNA601eg,Sales agent
NV022,Hope,Welling,hwellingl@cloudflare.com,Female,817-939-5700,Room 1021,09/29/2023,hwellingl,itPSPAQ463,Project Manager
NV023,Demetria,Yeskov,dyeskovm@youku.com,Female,154-467-1971,Suite 79,11/30/2023,dyeskovm,gsKNWRH075,Sales agent
NV024,Marten,Plum,mplumn@e-recht24.de,Male,863-876-0517,Room 1018,06/28/2023,mplumn,ewIXDBM398##*0E,Project Manager
NV025,Waylin,Duffin,wduffino@theguardian.com,Male,441-695-8006,Apt 363,09/29/2023,wduffino,xfOLYDJ1043,Sales agent
NV026,Angy,Simnell,asimnellp@yahoo.com,Female,431-284-4078,Suite 99,05/24/2023,asimnellp,gbTNZAH945,Sales agent
NV027,Titus,Drowsfield,tdrowsfieldq@alibaba.com,Male,353-457-9450,Room 606,07/24/2023,tdrowsfieldq,bnVPBPE297,Project Manager
NV028,Garey,Ondrusek,gondrusekr@comsenz.com,Male,950-190-6815,PO Box 33934,09/22/2023,gondrusekr,ekAYNWK379Ufm,Sales agent
NV029,Avram,Hinchshaw,ahinchshaws@parallels.com,Male,121-159-9465,Apt 1812,11/08/2023,ahinchshaws,kkFDZEM04452V/k,Project Manager
NV030,Andonis,O'Cooney,aocooneyt@arstechnica.com,Male,946-421-0105,18th Floor,01/03/2024,aocooneyt,xyDTJFD999,Sales agent
NV031,Brendon,Sline,bslineu@npr.org,Male,815-986-7376,PO Box 95337,03/16/2023,bslineu,ctKVWUW160A5,Project Manager
NV032,Sheilakathryn,Lumley,slumleyv@xrea.com,Female,334-464-2813,Suite 62,09/07/2023,slumleyv,efYZLSZ575,Sales agent
NV033,Charleen,Lomasna,clomasnaw@privacy.gov.au,Female,414-992-2558,PO Box 46970,08/21/2023,clomasnaw,yySRPHM946|(9g,Sales agent
NV034,Gregg,Ferre,gferrex@g.co,Male,448-804-0367,Apt 821,08/12/2023,gferrex,"mtKLZVE89712Q,Vc",Project Manager
NV035,Judd,Looby,jloobyy@mozilla.org,Male,807-806-5291,19th Floor,03/01/2023,jloobyy,leHBZGE967Q#kKG,Sales agent
NV036,Roxy,Risso,rrissoz@gnu.org,Female,623-359-1702,Apt 510,12/01/2023,rrissoz,kzOGPZQ5705>r|4,Project Manager
NV037,Corbin,Godwin,cgodwin10@4shared.com,Male,710-794-2228,Room 585,07/27/2023,cgodwin10,nvRWUUJ112,Sales agent
NV038,Lolly,Davenhill,ldavenhill11@arizona.edu,Female,467-196-8304,Apt 326,03/15/2023,ldavenhill11,jzAPHFD989,Sales agent
NV039,Mervin,Escalero,mescalero12@telegraph.co.uk,Male,672-463-9199,Apt 1293,11/21/2023,mescalero12,umYNZGF500bZ,Project Manager
NV040,Kordula,Eusden,keusden13@blogtalkradio.com,Female,178-858-7700,Apt 22,07/29/2023,keusden13,kdPMNLH107,Sales agent
NV041,Joline,Keeler,jkeeler14@yolasite.com,Genderfluid,319-467-6887,PO Box 98724,03/26/2023,jkeeler14,ttNPRWQ910#9?,Project Manager
NV042,Gifford,Tonbye,gtonbye15@deliciousdays.com,Male,890-434-3904,Apt 1953,10/08/2023,gtonbye15,gxCAPUE859hd`#IK,Sales agent
NV043,Timmi,Piscotti,tpiscotti16@ucla.edu,Female,130-133-4757,11th Floor,11/11/2023,tpiscotti16,uhTYDFN809B<X,Project Manager
NV044,Husein,Norquoy,hnorquoy17@yahoo.com,Male,766-571-9945,Apt 1067,09/22/2023,hnorquoy17,xaLVVOB704)!Sl,Sales agent
NV045,Brant,Kirke,bkirke18@dot.gov,Male,804-176-7199,Suite 73,01/31/2024,bkirke18,tgRYHNG729~)W7$,Sales agent
NV046,Letta,Lattka,llattka19@ucsd.edu,Female,853-565-2274,Room 887,03/17/2023,llattka19,qiPPRWZ523,Project Manager
NV047,Pete,Landrean,plandrean1a@washingtonpost.com,Male,238-364-1197,PO Box 23336,07/07/2023,plandrean1a,foUJTYD932\AzmA>,Sales agent
NV048,Fredrick,Witherop,fwitherop1b@ucoz.com,Male,765-529-8145,Apt 119,04/10/2023,fwitherop1b,wmGZHOF492,Project Manager
NV049,Barthel,Mellows,bmellows1c@elpais.com,Male,830-943-3062,PO Box 77440,04/07/2023,bmellows1c,ehQPRXB0278B,Sales agent
NV050,Kalina,Mordy,kmordy1d@hhs.gov,Female,260-129-3089,Suite 52,02/14/2024,kmordy1d,ycDXVFQ308,Sales agent
NV051,Daffy,Hrinishin,dhrinishin1e@behance.net,Female,739-521-5701,19th Floor,08/24/2023,dhrinishin1e,otRLPSZ002,Project Manager
NV052,Peyton,Growden,pgrowden1f@histats.com,Male,250-924-8461,2nd Floor,05/03/2023,pgrowden1f,kqRDPXN938=U,Sales agent
NV053,Luca,Imlock,limlock1g@google.com.hk,Male,233-670-5985,11th Floor,11/10/2023,limlock1g,woZJTWC642nC?,Project Manager
NV054,Gretta,Stockle,gstockle1h@ucsd.edu,Female,991-749-3088,12th Floor,05/11/2023,gstockle1h,vaQCFLO084,Sales agent
NV055,Homerus,Gregs,hgregs1i@e-recht24.de,Male,476-685-1093,PO Box 1619,12/02/2023,hgregs1i,juEXXAQ5870,Sales agent
NV056,Maryanne,Doram,mdoram1j@edublogs.org,Bigender,445-331-8134,6th Floor,04/27/2023,mdoram1j,vwWZKCP687$rEZd,Project Manager
NV057,Yvor,Chagg,ychagg1k@163.com,Male,185-438-9255,Suite 27,08/06/2023,ychagg1k,qaMBMPS887!7&,Sales agent
NV058,Creigh,Mundell,cmundell1l@mac.com,Male,793-829-9801,Room 275,02/16/2024,cmundell1l,daNJJVG651,Project Manager
NV059,Marsh,De Gouy,mdegouy1m@yahoo.com,Male,585-551-3081,Room 1717,02/20/2024,mdegouy1m,clHMECT137GN,Sales agent
NV060,Tuckie,Winspurr,twinspurr1n@gmpg.org,Male,767-405-4917,Apt 1267,08/18/2023,twinspurr1n,zfGFAVI056wK%,Sales agent
NV061,Troy,Legg,tlegg1o@delicious.com,Male,511-979-1201,Room 19,02/01/2024,tlegg1o,ydWRCNT260k!75,Project Manager
NV062,Margaretha,Mogenot,mmogenot1p@theatlantic.com,Female,986-592-4880,PO Box 39705,08/31/2023,mmogenot1p,dtLDJZW394,Sales agent
NV063,Codie,Wetwood,cwetwood1q@dot.gov,Female,584-230-5804,Apt 1687,03/27/2023,cwetwood1q,fzNXBNF3666P,Project Manager
NV064,Tarrance,Cumberbatch,tcumberbatch1r@jugem.jp,Bigender,877-770-2596,Apt 1983,04/26/2023,tcumberbatch1r,"otYISRQ722P,/*v8",Sales agent
NV065,Dieter,Grzelczyk,dgrzelczyk1s@prnewswire.com,Male,571-205-7860,PO Box 60577,07/20/2023,dgrzelczyk1s,paMEHDI853,Sales agent
NV066,Karrah,Durie,kdurie1t@dailymotion.com,Female,267-901-3078,Apt 1099,06/05/2023,kdurie1t,vtZUQYG022y,Project Manager
NV067,Romona,Lindley,rlindley1u@google.it,Female,360-645-2999,Room 758,05/14/2023,rlindley1u,icYDXZL584E$5m,Sales agent
NV068,Jerrilee,Jickles,jjickles1v@about.me,Female,447-785-0654,Apt 1281,01/25/2024,jjickles1v,"iiVVBBK482)$#,",Project Manager
NV069,Freddie,Darleston,fdarleston1w@posterous.com,Male,370-914-4634,Room 1148,12/31/2023,fdarleston1w,lkWIOPG516n,Sales agent
NV070,Xavier,Fere,xfere1x@europa.eu,Male,626-780-5297,Apt 304,04/04/2023,xfere1x,"bhNAFBH161\,u",Sales agent
NV071,Merilyn,Spoors,mspoors1y@msn.com,Female,959-803-1925,Suite 43,11/21/2023,mspoors1y,sxZIYFB289,Project Manager
NV072,Cedric,Le Pine,clepine1z@cam.ac.uk,Genderfluid,518-564-8238,14th Floor,02/20/2024,clepine1z,ndAOKAI2325{v,Sales agent
NV073,Dulce,Milham,dmilham20@prweb.com,Female,978-647-0100,Suite 71,05/27/2023,dmilham20,juJTWQI987'R&R,Sales agent
NV074,Marchall,Coales,mcoales21@myspace.com,Male,312-992-3007,13th Floor,08/07/2023,mcoales21,vqXWHNU402,Project Manager
NV075,Nanette,Ransley,nransley22@washingtonpost.com,Female,569-217-9460,Room 31,11/01/2023,nransley22,fbLIPWR110T+vix,Sales agent
NV076,Gayelord,Nitti,gnitti23@apple.com,Male,810-811-2810,2nd Floor,12/16/2023,gnitti23,bkRHYNB087,Sales agent
NV077,Scotty,Yakubovics,syakubovics24@irs.gov,Male,193-941-5603,Apt 1826,11/08/2023,syakubovics24,srTGFDO7687%9y?,Project Manager
NV078,Wang,Mc Cahey,wmccahey25@gizmodo.com,Male,536-963-2613,Room 742,03/27/2023,wmccahey25,zfLWFPI543g,Sales agent
NV079,Emlyn,Shippard,eshippard26@surveymonkey.com,Male,916-621-4327,10th Floor,08/12/2023,eshippard26,atYXJDW833#U7oUr,Project Manager
NV080,Barbara,Parley,bparley27@list-manage.com,Female,649-910-4569,12th Floor,07/19/2023,bparley27,xlCNHEH539c>B,Sales agent
NV081,Carleen,Mildmott,cmildmott28@sakura.ne.jp,Female,490-194-5124,6th Floor,11/05/2023,cmildmott28,uyNWCXW604,Sales agent
NV082,Addie,Haulkham,ahaulkham29@photobucket.com,Female,928-806-3779,Room 1649,10/20/2023,ahaulkham29,qxMNZUO541Faaa3H,Project Manager
NV083,Sharron,MacConnulty,smacconnulty2a@ucoz.ru,Female,740-114-2918,PO Box 66195,05/07/2023,smacconnulty2a,efSDNFJ424_.Ez,Sales agent
NV084,Cesar,Freathy,cfreathy2b@google.de,Male,366-139-8588,PO Box 74415,07/07/2023,cfreathy2b,lyRYQDE110sG,Project Manager
NV085,Arlee,Franz-Schoninger,afranzschoninger2c@fema.gov,Female,668-581-6180,Room 1918,03/01/2023,afranzschoninger2c,qpRDFXV657&K&G,Sales agent
NV086,Rudiger,Shedden,rshedden2d@mayoclinic.com,Genderfluid,181-287-2945,13th Floor,03/05/2023,rshedden2d,pmFDMIK089$&2Y`K,Sales agent
NV087,Dionis,Piddlesden,dpiddlesden2e@hubpages.com,Female,828-595-2333,Room 1496,11/23/2023,dpiddlesden2e,biVJSWX251,Sales agent
NV088,Hillard,Hext,hhext2f@csmonitor.com,Male,392-660-8601,PO Box 91553,01/04/2024,hhext2f,hxMHUIN724,Project Manager
NV089,Lorrayne,Duer,lduer2g@last.fm,Genderqueer,421-553-0616,Apt 1731,02/21/2024,lduer2g,qxRQDYO315,Sales agent
NV090,Forest,Towne,ftowne2h@wordpress.com,Male,189-553-9699,Apt 854,04/02/2023,ftowne2h,joICONM563xl~D&,Sales agent
NV091,Joelynn,Gornar,jgornar2i@furl.net,Female,586-663-1482,Suite 35,12/21/2023,jgornar2i,tyQSPED352<ft6N,Project Manager
NV092,Antony,Davydychev,adavydychev2j@fotki.com,Male,619-987-6704,19th Floor,02/28/2023,adavydychev2j,rnLTEQL736Qe,Sales agent
NV093,Patin,Portis,pportis2k@berkeley.edu,Male,900-389-8838,Room 1283,07/26/2023,pportis2k,ztXBEWW570~56dB,Project Manager
NV094,Garth,Hirsch,ghirsch2l@bloomberg.com,Male,378-390-7920,PO Box 57033,06/26/2023,ghirsch2l,"nxHOYIE510c,`1=",Sales agent
NV095,Babbie,Sinnie,bsinnie2m@nyu.edu,Female,596-807-5806,11th Floor,05/15/2023,bsinnie2m,ceLOOXR250B,Sales agent
NV096,Bride,Vannuccinii,bvannuccinii2n@imdb.com,Female,923-160-6676,PO Box 86354,04/09/2023,bvannuccinii2n,ryMPDNJ459SV/,Project Manager
NV097,Berti,Raffeorty,braffeorty2o@hibu.com,Genderfluid,827-746-8331,Room 1505,10/27/2023,braffeorty2o,wfTMFBK729,Sales agent
NV098,Nedi,Raw,nraw2p@microsoft.com,Female,502-603-6110,PO Box 28061,07/07/2023,nraw2p,veOLHNF866oP}<,Project Manager
NV099,Angelo,Pail,apail2q@weebly.com,Male,490-461-5046,Suite 97,03/17/2023,apail2q,vzHCMTO1844=>5<,Sales agent
NV100,Rogers,De-Ville,rdeville2r@state.tx.us,Male,670-156-0032,11th Floor,09/01/1900,rdeville2r,mwNYTEY102fv,Sales agent
